classes	adjective|adverb|auxiliary|conjunction|determiner|expletive|interjection|modal|negation|noun|numeral|ordinal|particle|possessive|preposition|pronoun|quantifier|subordinator|verb
after	adjective	adjective|conjunction|noun|particle|preposition
after	adverb	adjective|adverb|auxiliary|determiner|modal|negation|preposition|verb
after	auxiliary	adjective|adverb|determiner|negation|noun|preposition|pronoun|verb
after	conjunction	adjective|adverb|auxiliary|determiner|expletive|modal|negation|noun|numeral|possessive|preposition|pronoun|quantifier|subordinator|verb
after	determiner	adjective|adverb|noun|numeral|ordinal|possessive|quantifier
after	expletive	auxiliary|modal|verb
after	interjection	adjective|adverb|conjunction|determiner|expletive|interjection|noun|pronoun|verb
after	modal	adverb|auxiliary|negation|verb
after	negation	adjective|adverb|auxiliary|determiner|noun|preposition|pronoun|verb
after	noun	adverb|auxiliary|conjunction|determiner|modal|negation|particle|preposition|pronoun|subordinator|verb
after	numeral	adjective|conjunction|noun|preposition
after	ordinal	adjective|noun
after	particle	adjective|determiner|noun|pronoun|verb
after	possessive	adjective|adverb|noun|numeral|ordinal
after	preposition	adjective|adverb|determiner|noun|numeral|possessive|pronoun|quantifier|verb
after	pronoun	adverb|auxiliary|conjunction|modal|negation|preposition|subordinator|verb
after	quantifier	adjective|determiner|noun|preposition
after	subordinator	adjective|adverb|auxiliary|determiner|expletive|modal|negation|noun|numeral|possessive|pronoun|quantifier|verb
after	verb	adjective|adverb|conjunction|determiner|negation|noun|numeral|particle|possessive|preposition|pronoun|quantifier|subordinator
initial	adjective|adverb|auxiliary|conjunction|determiner|expletive|interjection|modal|negation|noun|numeral|particle|possessive|preposition|pronoun|quantifier|subordinator|verb
final	adjective|adverb|interjection|noun|numeral|ordinal|particle|pronoun|verb
linking	am|appear|appeared|appears|are|be|became|become|becomes|been|being|feel|feels|felt|get|gets|got|grew|grow|grows|is|look|looked|looks|prove|proved|proves|remain|remained|remains|seem|seemed|seems|smell|smelled|smells|sound|sounded|sounds|stay|stayed|stays|taste|tasted|tastes|turn|turned|turns|was|were
det_singular	a|an|another|each|either|every|neither|one|that|this
det_plural	both|few|fewer|fewest|many|several|these|those
det_mass	least|less|little|much
closed	about	preposition
closed	above	preposition
closed	across	preposition
closed	after	conjunction|preposition
closed	against	preposition
closed	along	preposition
closed	alongside	preposition
closed	amid	preposition
closed	amidst	preposition
closed	among	preposition
closed	amongst	preposition
closed	around	preposition
closed	as	conjunction|preposition
closed	astride	preposition
closed	at	preposition
closed	atop	preposition
closed	barring	preposition
closed	before	conjunction|preposition
closed	behind	preposition
closed	below	preposition
closed	beneath	preposition
closed	beside	preposition
closed	besides	preposition
closed	between	preposition
closed	beyond	preposition
closed	but	conjunction|preposition
closed	by	preposition
closed	concerning	preposition
closed	considering	preposition
closed	despite	preposition
closed	down	preposition
closed	during	preposition
closed	except	preposition
closed	excepting	preposition
closed	excluding	preposition
closed	failing	preposition
closed	following	preposition
closed	for	conjunction|preposition
closed	from	preposition
closed	given	preposition
closed	in	preposition
closed	including	preposition
closed	inside	preposition
closed	into	preposition
closed	like	preposition
closed	minus	preposition
closed	near	preposition
closed	notwithstanding	preposition
closed	of	preposition
closed	off	preposition
closed	on	preposition
closed	onto	preposition
closed	opposite	preposition
closed	outside	preposition
closed	over	preposition
closed	past	preposition
closed	pending	preposition
closed	per	preposition
closed	plus	preposition
closed	regarding	preposition
closed	respecting	preposition
closed	round	preposition
closed	save	preposition
closed	since	conjunction|preposition
closed	than	conjunction|preposition
closed	through	preposition
closed	throughout	preposition
closed	till	conjunction|preposition
closed	times	preposition
closed	to	particle|preposition
closed	toward	preposition
closed	towards	preposition
closed	under	preposition
closed	underneath	preposition
closed	unlike	preposition
closed	until	conjunction|preposition
closed	unto	preposition
closed	up	preposition
closed	upon	preposition
closed	versus	preposition
closed	via	preposition
closed	with	preposition
closed	within	preposition
closed	without	preposition
closed	a	determiner
closed	an	determiner
closed	the	determiner
closed	this	determiner
closed	that	conjunction|determiner|pronoun
closed	these	determiner
closed	those	determiner
closed	yon	determiner
closed	yonder	determiner
closed	my	determiner
closed	your	determiner
closed	his	determiner|pronoun
closed	her	determiner|pronoun
closed	its	determiner|pronoun
closed	our	determiner
closed	their	determiner
closed	whose	determiner|pronoun
closed	all	determiner|pronoun
closed	any	determiner|pronoun
closed	both	determiner|pronoun
closed	each	determiner|pronoun
closed	either	determiner|pronoun
closed	enough	determiner
closed	every	determiner
closed	few	determiner|pronoun
closed	fewer	determiner
closed	fewest	determiner
closed	less	determiner
closed	least	determiner
closed	little	determiner
closed	many	determiner|pronoun
closed	more	determiner
closed	most	determiner|pronoun
closed	much	determiner
closed	neither	determiner|negation|pronoun
closed	no	determiner|interjection|negation
closed	several	determiner|pronoun
closed	some	determiner|pronoun
closed	such	determiner|pronoun
closed	another	pronoun
closed	anybody	pronoun
closed	anyone	pronoun
closed	anything	pronoun
closed	cestui	pronoun
closed	everybody	pronoun
closed	everyone	pronoun
closed	everything	pronoun
closed	he	pronoun
closed	hemself	pronoun
closed	hers	pronoun
closed	herself	pronoun
closed	him	pronoun
closed	himself	pronoun
closed	i	pronoun
closed	ich	pronoun
closed	it	expletive|pronoun
closed	itself	pronoun
closed	me	pronoun
closed	mine	pronoun
closed	myself	pronoun
closed	nobody	pronoun
closed	none	negation|pronoun
closed	nothing	negation|pronoun
closed	one	numeral|pronoun
closed	ones	pronoun
closed	oneself	pronoun
closed	other	pronoun
closed	others	pronoun
closed	ours	pronoun
closed	ourselves	pronoun
closed	she	pronoun
closed	somebody	pronoun
closed	someone	pronoun
closed	something	pronoun
closed	thee	pronoun
closed	theirs	pronoun
closed	them	pronoun
closed	themselves	pronoun
closed	they	pronoun
closed	thine	pronoun
closed	thou	pronoun
closed	thy	pronoun
closed	us	pronoun
closed	usself	pronoun
closed	we	pronoun
closed	what	pronoun
closed	whatever	pronoun
closed	which	pronoun
closed	whichever	pronoun
closed	who	pronoun
closed	whoever	pronoun
closed	whom	pronoun
closed	whomever	pronoun
closed	ye	pronoun
closed	you	pronoun
closed	yours	pronoun
closed	yourself	pronoun
closed	yourselves	pronoun
closed	albe	conjunction
closed	albee	conjunction
closed	albeit	conjunction
closed	altho	conjunction
closed	although	conjunction
closed	and	conjunction
closed	because	conjunction
closed	gif	conjunction
closed	if	conjunction
closed	lest	conjunction
closed	nor	conjunction|negation
closed	once	conjunction
closed	or	conjunction
closed	provided	conjunction
closed	providing	conjunction
closed	sith	conjunction
closed	sithen	conjunction
closed	sithens	conjunction
closed	so	conjunction
closed	though	conjunction
closed	unless	conjunction
closed	when	conjunction
closed	whenever	conjunction
closed	where	conjunction
closed	whereas	conjunction
closed	wherever	conjunction
closed	whether	conjunction
closed	while	conjunction
closed	whilst	conjunction
closed	yet	adverb|conjunction
closed	am	auxiliary
closed	are	auxiliary
closed	be	auxiliary
closed	been	auxiliary
closed	being	auxiliary
closed	did	auxiliary
closed	do	auxiliary
closed	does	auxiliary
closed	doing	auxiliary
closed	done	auxiliary
closed	had	auxiliary
closed	has	auxiliary
closed	have	auxiliary
closed	having	auxiliary
closed	is	auxiliary
closed	was	auxiliary
closed	were	auxiliary
closed	can	modal
closed	canst	modal
closed	could	modal
closed	couldst	modal
closed	dare	modal
closed	may	modal
closed	mayst	modal
closed	might	modal
closed	mightst	modal
closed	must	modal
closed	need	modal
closed	ought	modal
closed	shall	modal
closed	shalt	modal
closed	should	modal
closed	shouldst	modal
closed	used	modal
closed	will	modal
closed	wilt	modal
closed	would	modal
closed	wouldst	modal
closed	not	negation
closed	never	negation
closed	nowhere	negation
closed	billion	numeral
closed	eight	numeral
closed	eighteen	numeral
closed	eighteenth	numeral
closed	eighth	numeral
closed	eightieth	numeral
closed	eighty	numeral
closed	eleven	numeral
closed	eleventh	numeral
closed	fifteen	numeral
closed	fifteenth	numeral
closed	fifth	numeral
closed	fiftieth	numeral
closed	fifty	numeral
closed	first	numeral
closed	five	numeral
closed	fortieth	numeral
closed	forty	numeral
closed	four	numeral
closed	fourteen	numeral
closed	fourteenth	numeral
closed	fourth	numeral
closed	hundred	numeral
closed	hundredth	numeral
closed	million	numeral
closed	millionth	numeral
closed	nine	numeral
closed	nineteen	numeral
closed	nineteenth	numeral
closed	ninetieth	numeral
closed	ninety	numeral
closed	ninth	numeral
closed	second	numeral
closed	seven	numeral
closed	seventeen	numeral
closed	seventeenth	numeral
closed	seventh	numeral
closed	seventieth	numeral
closed	seventy	numeral
closed	six	numeral
closed	sixteen	numeral
closed	sixteenth	numeral
closed	sixth	numeral
closed	sixtieth	numeral
closed	sixty	numeral
closed	ten	numeral
closed	tenth	numeral
closed	third	numeral
closed	thirteen	numeral
closed	thirteenth	numeral
closed	thirtieth	numeral
closed	thirty	numeral
closed	thousand	numeral
closed	thousandth	numeral
closed	three	numeral
closed	trillion	numeral
closed	twelfth	numeral
closed	twelve	numeral
closed	twentieth	numeral
closed	twenty	numeral
closed	two	numeral
closed	zero	numeral
closed	ah	interjection
closed	aha	interjection
closed	alas	interjection
closed	alright	interjection
closed	aye	interjection
closed	bah	interjection
closed	bravo	interjection
closed	eh	interjection
closed	gosh	interjection
closed	ha	interjection
closed	hah	interjection
closed	hello	interjection
closed	hey	interjection
closed	hi	interjection
closed	hmm	interjection
closed	ho	interjection
closed	hooray	interjection
closed	huh	interjection
closed	hurrah	interjection
closed	oh	interjection
closed	oho	interjection
closed	ok	interjection
closed	okay	interjection
closed	ouch	interjection
closed	ow	interjection
closed	phew	interjection
closed	pooh	interjection
closed	shh	interjection
closed	tut	interjection
closed	ugh	interjection
closed	well	interjection
closed	whoa	interjection
closed	wow	interjection
closed	yes	interjection
closed	yeah	interjection
closed	yep	interjection
closed	nope	interjection
closed	yikes	interjection
closed	yuck	interjection
closed	there	adverb|expletive
closed	here	adverb
closed	now	adverb
closed	then	adverb
closed	today	adverb
closed	tomorrow	adverb
closed	yesterday	adverb
closed	tonight	adverb
closed	hence	adverb
closed	thence	adverb
closed	hither	adverb
closed	thither	adverb
closed	whence	adverb
closed	whither	adverb
closed	ago	adverb
closed	soon	adverb
closed	later	adverb
closed	already	adverb
closed	still	adverb